x,90,95,99
1,0.0,0.0,0.0
2,0.0,0.0,0.0
3,0.0,0.0,0.0
4,33.33333333333333,50.0,50.0
5,37.5,37.5,37.5
6,30.0,30.0,40.0
7,33.33333333333333,33.33333333333333,41.66666666666667
8,28.57142857142857,28.57142857142857,35.714285714285715
9,25.0,31.25,31.25
10,22.22222222222222,27.77777777777778,33.33333333333333
11,20.0,25.0,30.0
12,22.727272727272723,27.27272727272727,31.818181818181817
13,20.833333333333336,25.0,29.166666666666668
14,19.230769230769234,23.076923076923077,26.923076923076923
15,21.42857142857143,21.42857142857143,32.142857142857146
16,20.0,20.0,30.0
17,18.75,21.875,28.125
18,17.64705882352941,20.588235294117645,26.47058823529412
19,16.666666666666668,19.444444444444443,25.0
20,15.789473684210526,18.421052631578945,23.684210526315788
21,15.000000000000002,17.5,22.5
22,14.285714285714285,16.666666666666664,21.428571428571427
23,15.909090909090908,18.181818181818183,24.999999999999996
24,15.217391304347828,17.391304347826086,23.91304347826087
25,14.583333333333334,16.666666666666668,22.916666666666664
26,14.000000000000002,16.0,22.0
27,13.461538461538463,15.384615384615385,21.153846153846157
28,14.814814814814813,16.666666666666664,20.37037037037037
29,14.285714285714285,16.07142857142857,19.642857142857146
30,13.793103448275861,15.517241379310345,18.96551724137931
31,13.333333333333336,15.000000000000002,20.0
32,12.903225806451612,14.516129032258066,19.35483870967742
33,12.5,14.0625,20.3125
34,12.121212121212121,13.636363636363635,19.696969696969695
35,11.764705882352942,13.235294117647056,19.11764705882353
36,11.428571428571429,14.285714285714288,18.571428571428573
37,11.11111111111111,13.88888888888889,18.055555555555554
38,10.81081081081081,13.513513513513514,17.56756756756757
39,10.526315789473683,13.157894736842108,17.105263157894736
40,10.256410256410255,12.820512820512823,16.666666666666668
41,11.25,12.5,16.249999999999996
42,10.975609756097562,12.195121951219512,15.853658536585364
43,10.714285714285715,11.904761904761905,15.476190476190476
44,10.465116279069766,12.790697674418606,17.441860465116278
45,10.227272727272728,12.5,17.045454545454547
46,10.0,12.222222222222221,16.666666666666664
47,10.869565217391303,11.956521739130435,16.304347826086957
48,10.638297872340427,11.702127659574469,15.957446808510639
49,10.416666666666668,11.458333333333332,15.625
50,10.204081632653061,11.22448979591837,15.306122448979592
51,10.0,12.0,15.000000000000002
52,9.803921568627452,11.76470588235294,14.705882352941174
53,9.615384615384615,11.538461538461538,14.423076923076922
54,9.433962264150942,11.320754716981131,14.150943396226417
55,9.25925925925926,11.11111111111111,14.814814814814813
56,9.090909090909092,10.90909090909091,14.545454545454547
57,8.928571428571429,10.714285714285715,14.285714285714285
58,8.771929824561402,10.526315789473683,14.912280701754385
59,8.620689655172413,10.344827586206899,13.793103448275861
60,8.47457627118644,11.016949152542372,14.40677966101695
61,8.333333333333332,10.833333333333332,14.166666666666666
62,8.19672131147541,10.655737704918034,13.934426229508196
63,8.870967741935484,10.483870967741936,13.709677419354838
64,8.73015873015873,10.317460317460316,13.492063492063492
65,8.59375,10.15625,13.28125
66,8.461538461538462,10.0,13.076923076923078
67,8.333333333333332,9.84848484848485,12.878787878787879
68,8.955223880597014,9.701492537313431,12.686567164179104
69,8.823529411764707,10.294117647058824,12.499999999999998
70,8.695652173913043,10.144927536231883,12.318840579710146
71,8.571428571428571,10.0,12.85714285714286
72,8.450704225352112,9.859154929577464,12.676056338028168
73,8.333333333333332,9.722222222222221,12.5
74,8.21917808219178,9.58904109589041,13.013698630136986
75,8.108108108108109,9.459459459459458,12.162162162162161
76,7.999999999999999,9.333333333333334,12.666666666666664
77,7.894736842105264,9.210526315789474,12.5
78,7.792207792207792,9.090909090909092,12.337662337662339
79,7.692307692307692,8.974358974358974,12.17948717948718
80,7.594936708860758,8.860759493670885,12.025316455696204
81,7.500000000000001,8.75,11.875
82,7.4074074074074066,8.641975308641975,11.728395061728394
83,7.317073170731707,8.536585365853659,11.585365853658535
84,7.228915662650602,9.036144578313255,11.44578313253012
85,7.142857142857144,8.928571428571429,11.30952380952381
86,7.058823529411764,8.823529411764707,11.176470588235293
87,6.976744186046513,8.720930232558139,11.046511627906977
88,6.896551724137931,8.620689655172415,11.494252873563218
89,6.8181818181818175,8.522727272727272,11.363636363636365
90,6.741573033707865,8.426966292134832,11.235955056179774
91,6.666666666666667,8.333333333333332,11.111111111111112
92,7.142857142857142,8.791208791208792,11.538461538461538
93,7.065217391304349,8.695652173913043,11.41304347826087
94,6.989247311827956,8.602150537634408,11.290322580645162
95,7.446808510638296,8.51063829787234,11.170212765957446
96,6.842105263157896,8.421052631578947,11.052631578947368
97,7.291666666666667,8.333333333333332,10.937499999999998
98,7.216494845360824,8.24742268041237,10.824742268041238
99,7.142857142857144,8.16326530612245,10.714285714285715
100,7.070707070707072,8.08080808080808,10.606060606060606
101,7.000000000000001,8.0,10.5
102,6.9306930693069315,7.920792079207921,10.396039603960396
103,6.862745098039216,7.84313725490196,10.294117647058822
104,6.79611650485437,7.766990291262137,10.194174757281555
105,6.730769230769231,7.6923076923076925,10.096153846153847
106,6.666666666666667,7.6190476190476195,10.0
107,6.60377358490566,7.547169811320755,9.90566037735849
108,6.5420560747663545,7.476635514018691,10.2803738317757
109,6.481481481481483,7.4074074074074066,10.185185185185187
110,6.422018348623854,7.79816513761468,9.63302752293578
111,6.363636363636363,7.727272727272727,10.0
112,6.306306306306306,7.657657657657657,9.909909909909912
113,6.25,7.5892857142857135,9.821428571428571
114,6.194690265486724,7.52212389380531,9.734513274336281
115,6.140350877192984,7.4561403508771935,10.087719298245613
116,6.086956521739132,7.391304347826086,10.0
117,6.03448275862069,7.327586206896551,9.913793103448274
118,5.982905982905984,7.264957264957266,9.829059829059828
119,5.932203389830508,7.627118644067797,9.745762711864407
120,5.88235294117647,7.563025210084033,9.663865546218489
121,5.833333333333333,7.500000000000001,9.583333333333332
122,5.785123966942147,7.438016528925619,9.50413223140496
123,5.7377049180327875,7.37704918032787,9.426229508196721
124,6.097560975609756,7.317073170731707,9.349593495934961
125,6.048387096774194,7.258064516129031,9.274193548387098
126,6.0,7.200000000000001,9.2
127,5.952380952380952,7.142857142857144,9.126984126984127
128,5.905511811023621,7.0866141732283445,9.05511811023622
129,5.859375,7.03125,8.984375
130,5.813953488372093,6.976744186046512,8.914728682170542
131,5.769230769230769,6.9230769230769225,8.846153846153847
132,5.725190839694657,6.870229007633586,9.160305343511451
133,6.0606060606060606,6.8181818181818175,9.09090909090909
134,6.015037593984962,6.7669172932330826,9.022556390977442
135,5.970149253731344,6.71641791044776,8.955223880597014
136,5.9259259259259265,6.666666666666668,8.888888888888888
137,5.882352941176472,6.617647058823528,8.823529411764707
138,5.8394160583941614,6.569343065693431,8.759124087591239
139,5.797101449275363,6.521739130434782,8.695652173913043
140,5.755395683453238,6.474820143884891,8.992805755395684
141,5.714285714285714,6.428571428571428,8.928571428571429
142,5.673758865248227,6.382978723404256,8.865248226950353
143,5.633802816901408,6.690140845070423,8.80281690140845
144,5.594405594405595,6.643356643356643,8.741258741258742
145,5.555555555555556,6.597222222222221,8.680555555555557
146,5.517241379310345,6.551724137931035,8.620689655172415
147,5.47945205479452,6.506849315068493,8.56164383561644
148,5.4421768707483,6.462585034013607,8.503401360544217
149,5.405405405405405,6.4189189189189175,8.445945945945946
150,5.369127516778524,6.375838926174496,8.389261744966444
151,5.333333333333331,6.333333333333334,8.333333333333334
152,5.298013245033113,6.291390728476822,8.27814569536424
153,5.263157894736842,6.249999999999998,8.223684210526315
154,5.22875816993464,6.535947712418301,8.169934640522875
155,5.194805194805194,6.1688311688311686,8.116883116883116
156,5.161290322580644,6.129032258064515,8.06451612903226
157,5.128205128205128,6.41025641025641,8.012820512820513
158,5.095541401273884,6.369426751592357,7.961783439490445
159,5.063291139240507,6.329113924050633,8.227848101265824
160,5.031446540880502,6.2893081761006275,8.176100628930817
161,4.999999999999999,6.25,8.124999999999998
162,4.968944099378883,6.211180124223602,8.074534161490684
163,4.938271604938271,6.172839506172839,8.024691358024691
164,5.214723926380368,6.134969325153375,7.975460122699385
165,4.878048780487804,6.097560975609756,7.926829268292683
166,4.8484848484848495,6.0606060606060606,7.878787878787878
167,4.819277108433736,6.024096385542169,7.83132530120482
168,4.790419161676645,5.9880239520958085,7.78443113772455
169,5.059523809523808,5.952380952380953,7.738095238095238
170,5.0295857988165675,5.91715976331361,7.988165680473375
171,4.999999999999999,5.882352941176472,7.647058823529412
172,4.678362573099415,5.847953216374268,7.602339181286549
173,4.941860465116278,5.813953488372093,7.848837209302324
174,4.913294797687861,5.78034682080925,7.803468208092486
175,4.885057471264369,5.747126436781609,7.758620689655171
176,5.142857142857143,5.7142857142857135,7.7142857142857135
177,4.829545454545454,5.6818181818181825,7.670454545454544
178,4.80225988700565,5.649717514124294,7.627118644067796
179,5.056179775280898,5.617977528089889,7.584269662921349
180,5.027932960893855,5.5865921787709505,7.541899441340781
181,4.999999999999999,5.555555555555556,7.5
182,4.696132596685083,5.80110497237569,7.458563535911603
183,4.945054945054944,5.769230769230769,7.417582417582418
184,4.918032786885246,5.464480874316941,7.377049180327868
185,4.891304347826086,5.706521739130434,7.336956521739131
186,4.864864864864865,5.675675675675676,7.297297297297297
187,4.838709677419356,5.376344086021506,7.258064516129031
188,4.812834224598929,5.614973262032086,7.486631016042781
189,4.787234042553192,5.585106382978723,7.180851063829786
190,4.761904761904762,5.555555555555555,7.142857142857142
191,4.7368421052631575,5.526315789473685,7.105263157894738
192,4.712041884816753,5.49738219895288,7.329842931937174
193,4.6875,5.468750000000002,7.291666666666667
194,4.66321243523316,5.44041450777202,7.253886010362693
195,4.639175257731959,5.412371134020617,7.216494845360824
196,4.615384615384616,5.641025641025641,7.179487179487181
197,4.591836734693877,5.357142857142858,7.142857142857144
198,4.568527918781726,5.329949238578681,7.1065989847715745
199,4.545454545454544,5.303030303030303,7.070707070707072
200,4.522613065326634,5.527638190954774,7.035175879396985
201,4.5,5.499999999999999,7.000000000000001
202,4.477611940298508,5.472636815920398,6.965174129353234
203,4.455445544554454,5.198019801980197,6.9306930693069315
204,4.433497536945814,5.41871921182266,6.896551724137931
205,4.411764705882354,5.392156862745097,6.862745098039215
206,4.390243902439024,5.365853658536585,7.073170731707318
207,4.368932038834951,5.339805825242718,6.79611650485437
208,4.347826086956521,5.31400966183575,7.004830917874395
209,4.326923076923078,5.288461538461537,6.971153846153848
210,4.3062200956937815,5.263157894736843,6.937799043062201
211,4.285714285714287,5.238095238095237,6.904761904761904
212,4.265402843601896,5.213270142180096,6.872037914691943
213,4.245283018867924,5.1886792452830175,6.839622641509433
214,4.225352112676055,5.164319248826292,6.807511737089202
215,4.205607476635513,5.14018691588785,6.775700934579438
216,4.186046511627907,5.11627906976744,6.7441860465116275
217,4.166666666666667,5.0925925925925934,6.712962962962962
218,4.14746543778802,5.069124423963133,6.682027649769585
219,4.128440366972476,5.045871559633026,6.65137614678899
220,4.10958904109589,5.0228310502283104,6.621004566210045
221,4.090909090909091,4.999999999999999,6.59090909090909
222,4.0723981900452495,4.97737556561086,6.561085972850678
223,4.054054054054054,4.954954954954956,6.531531531531531
224,4.0358744394618835,4.932735426008968,6.502242152466367
225,4.017857142857144,4.910714285714285,6.473214285714285
226,3.9999999999999982,4.8888888888888875,6.444444444444443
227,4.2035398230088505,4.8672566371681425,6.415929203539822
228,3.9647577092511,4.845814977973569,6.607929515418504
229,4.166666666666669,4.824561403508771,6.578947368421052
230,4.148471615720525,4.803493449781661,6.331877729257643
231,4.130434782608697,4.782608695652173,6.521739130434782
232,4.112554112554114,4.761904761904762,6.493506493506494
233,4.094827586206895,4.741379310344829,6.46551724137931
234,4.07725321888412,4.721030042918454,6.437768240343347
235,4.0598290598290605,4.700854700854701,6.41025641025641
236,4.04255319148936,4.680851063829787,6.382978723404256
237,4.02542372881356,4.8728813559322015,6.3559322033898304
238,4.0084388185654,4.852320675105486,6.329113924050633
239,4.201680672268908,4.831932773109243,6.302521008403361
240,4.184100418410042,4.811715481171548,6.2761506276150625
241,4.166666666666667,4.791666666666666,6.25
242,4.149377593360996,4.771784232365145,6.224066390041494
243,4.132231404958676,4.75206611570248,6.198347107438018
244,4.1152263374485605,4.7325102880658445,6.17283950617284
245,4.098360655737704,4.713114754098361,6.147540983606559
246,4.081632653061224,4.6938775510204085,6.122448979591836
247,4.065040650406503,4.6747967479674815,6.097560975609754
248,4.048582995951416,4.655870445344129,6.0728744939271255
249,4.03225806451613,4.637096774193548,6.048387096774194
250,4.016064257028113,4.618473895582328,6.02409638554217
251,3.9999999999999996,4.6,6.0
252,3.9840637450199208,4.780876494023905,6.175298804780876
253,3.9682539682539693,4.761904761904762,6.150793650793651
254,3.9525691699604737,4.743083003952569,6.1264822134387344
255,3.9370078740157464,4.724409448818899,6.102362204724409
256,3.9215686274509816,4.705882352941177,6.078431372549018
257,3.90625,4.6875,6.0546875
258,3.891050583657586,4.669260700389105,6.0311284046692615
259,3.875968992248062,4.651162790697676,6.007751937984496
260,3.8610038610038604,4.633204633204634,5.984555984555984
261,3.846153846153845,4.615384615384616,5.961538461538461
262,3.831417624521072,4.597701149425287,5.938697318007663
263,3.8167938931297702,4.580152671755725,5.916030534351147
264,3.802281368821292,4.56273764258555,5.893536121673004
265,3.7878787878787885,4.545454545454546,5.871212121212121
266,3.7735849056603765,4.528301886792452,5.849056603773583
267,3.7593984962406015,4.511278195488721,5.827067669172932
268,3.7453183520599245,4.49438202247191,5.8052434456928825
269,3.731343283582089,4.477611940298508,5.7835820895522385
270,3.7174721189591073,4.4609665427509295,5.762081784386616
271,3.703703703703702,4.444444444444444,5.7407407407407405
272,3.6900369003690034,4.428044280442804,5.719557195571958
273,3.6764705882352935,4.411764705882354,5.6985294117647065
274,3.6630036630036624,4.395604395604397,5.677655677655678
275,3.64963503649635,4.3795620437956195,5.656934306569343
276,3.6363636363636376,4.363636363636364,5.818181818181818
277,3.6231884057971007,4.347826086956523,5.797101449275361
278,3.6101083032490973,4.332129963898916,5.7761732851985546
279,3.597122302158273,4.316546762589928,5.755395683453238
280,3.5842293906810028,4.301075268817205,5.7347670250896075
281,3.571428571428571,4.285714285714286,5.714285714285714
282,3.5587188612099654,4.270462633451958,5.693950177935944
283,3.546099290780143,4.255319148936169,5.673758865248227
284,3.5335689045936385,4.240282685512366,5.653710247349824
285,3.521126760563381,4.225352112676056,5.633802816901408
286,3.508771929824561,4.210526315789474,5.614035087719299
287,3.4965034965034976,4.195804195804195,5.594405594405595
288,3.484320557491288,4.181184668989546,5.574912891986061
289,3.472222222222221,4.166666666666667,5.555555555555556
290,3.4602076124567476,4.152249134948098,5.536332179930796
291,3.4482758620689653,4.13793103448276,5.517241379310345
292,3.436426116838487,4.123711340206186,5.498281786941582
293,3.4246575342465766,4.10958904109589,5.47945205479452
294,3.4129692832764498,4.09556313993174,5.460750853242321
295,3.401360544217687,4.081632653061224,5.4421768707483
296,3.389830508474577,4.067796610169492,5.423728813559323
297,3.378378378378377,4.054054054054053,5.405405405405405
298,3.3670033670033668,4.0404040404040416,5.3872053872053876
299,3.3557046979865763,4.026845637583894,5.369127516778524
300,3.3444816053511697,4.013377926421404,5.351170568561874
301,3.3333333333333326,3.9999999999999996,5.333333333333334
302,3.3222591362126255,3.9867109634551494,5.315614617940198
303,3.4768211920529786,4.13907284768212,5.463576158940399
304,3.3003300330033,3.9603960396039612,5.2805280528052805
305,3.2894736842105257,3.9473684210526327,5.263157894736842
306,3.2786885245901636,3.9344262295081975,5.245901639344264
307,3.26797385620915,3.921568627450979,5.22875816993464
308,3.420195439739414,4.071661237785016,5.374592833876222
309,3.246753246753248,3.8961038961038974,5.194805194805195
310,3.2362459546925555,3.883495145631069,5.17799352750809
311,3.387096774193549,4.032258064516128,5.32258064516129
312,3.3762057877813514,4.019292604501609,5.305466237942122
313,3.205128205128205,4.006410256410257,5.128205128205128
314,3.1948881789137378,3.833865814696487,5.111821086261982
315,3.1847133757961776,3.821656050955413,5.095541401273884
316,3.3333333333333326,3.9682539682539693,5.238095238095239
317,3.322784810126583,3.9556962025316458,5.2215189873417724
318,3.154574132492112,3.7854889589905363,5.047318611987382
319,3.3018867924528292,3.930817610062892,5.1886792452830175
320,3.291536050156739,3.9184952978056438,5.1724137931034475
321,3.2812499999999996,3.9062500000000013,5.156249999999998
322,3.2710280373831764,3.894080996884734,5.14018691588785
323,3.2608695652173907,3.8819875776397508,4.968944099378883
324,3.2507739938080498,3.869969040247677,5.108359133126935
325,3.24074074074074,3.8580246913580254,5.0925925925925934
326,3.3846153846153832,4.000000000000001,5.076923076923076
327,3.2208588957055224,3.8343558282208576,5.061349693251535
328,3.211009174311927,3.82262996941896,5.045871559633028
329,3.353658536585365,3.963414634146341,5.030487804878048
330,3.3434650455927057,3.9513677811550156,5.015197568389058
331,3.181818181818183,3.7878787878787885,5.151515151515151
332,3.1722054380664666,3.776435045317222,4.98489425981873
333,3.3132530120481936,3.9156626506024086,4.96987951807229
334,3.303303303303304,3.9039039039039034,5.105105105105105
335,3.2934131736526955,3.8922155688622757,5.089820359281437
336,3.283582089552238,3.880597014925373,4.925373134328359
337,3.2738095238095233,3.8690476190476177,4.910714285714285
338,3.2640949554896146,3.857566765578635,5.044510385756677
339,3.106508875739644,3.698224852071007,4.881656804733729
340,3.2448377581120944,3.834808259587022,4.8672566371681425
341,3.2352941176470584,3.8235294117647047,4.999999999999999
342,3.2258064516129044,3.8123167155425226,4.98533724340176
343,3.216374269005849,3.801169590643276,4.97076023391813
344,3.206997084548105,3.790087463556853,4.956268221574343
345,3.1976744186046515,3.779069767441862,4.941860465116278
346,3.1884057971014497,3.7681159420289863,4.9275362318840585
347,3.0346820809248554,3.757225433526011,4.768786127167629
348,3.170028818443804,3.746397694524496,4.899135446685878
349,3.1609195402298838,3.7356321839080455,4.885057471264369
350,3.15186246418338,3.7249283667621773,4.871060171919773
351,3.1428571428571432,3.7142857142857157,4.857142857142857
352,3.1339031339031336,3.703703703703705,4.843304843304843
353,3.125,3.6931818181818175,4.829545454545454
354,3.1161473087818705,3.6827195467422094,4.815864022662889
355,3.1073446327683607,3.6723163841807906,4.802259887005649
356,3.0985915492957745,3.661971830985916,4.788732394366196
357,3.089887640449439,3.6516853932584263,4.775280898876405
358,3.081232492997199,3.6414565826330527,4.761904761904762
359,3.0726256983240234,3.6312849162011176,4.748603351955307
360,3.064066852367689,3.62116991643454,4.735376044568245
361,3.055555555555556,3.6111111111111107,4.722222222222222
362,3.0470914127423825,3.6011080332409975,4.709141274238227
363,3.0386740331491717,3.591160220994474,4.696132596685083
364,3.0303030303030303,3.581267217630854,4.683195592286501
365,3.0219780219780223,3.571428571428571,4.670329670329671
366,3.0136986301369877,3.5616438356164375,4.657534246575342
367,3.0054644808743163,3.551912568306011,4.644808743169398
368,2.9972752043596715,3.542234332425069,4.632152588555859
369,2.9891304347826093,3.532608695652173,4.619565217391304
370,2.981029810298104,3.523035230352303,4.607046070460704
371,2.972972972972972,3.5135135135135123,4.594594594594594
372,2.964959568733154,3.5040431266846346,4.5822102425876015
373,2.9569892473118267,3.4946236559139794,4.56989247311828
374,2.949061662198392,3.485254691689009,4.55764075067024
375,2.941176470588236,3.475935828877004,4.545454545454547
376,2.933333333333335,3.4666666666666663,4.533333333333332
377,2.925531914893616,3.457446808510639,4.521276595744681
378,2.9177718832891246,3.448275862068964,4.509283819628647
379,2.910052910052911,3.4391534391534404,4.4973544973544985
380,2.902374670184697,3.4300791556728245,4.485488126649077
381,2.8947368421052624,3.421052631578947,4.473684210526314
382,2.88713910761155,3.4120734908136483,4.4619422572178475
383,2.8795811518324594,3.403141361256544,4.450261780104713
384,2.872062663185379,3.394255874673628,4.438642297650129
385,2.864583333333333,3.385416666666667,4.427083333333333
386,2.8571428571428568,3.3766233766233764,4.415584415584414
387,2.849740932642486,3.3678756476683946,4.404145077720206
388,2.8423772609819125,3.3591731266149867,4.392764857881139
389,2.8350515463917536,3.350515463917525,4.3814432989690735
390,2.8277634961439606,3.3419023136246797,4.370179948586118
391,2.8205128205128203,3.3333333333333326,4.358974358974359
392,2.8132992327365742,3.324808184143223,4.3478260869565215
393,2.8061224489795924,3.316326530612246,4.336734693877552
394,2.798982188295164,3.30788804071247,4.325699745547073
395,2.7918781725888326,3.2994923857868024,4.31472081218274
396,2.7848101265822782,3.2911392405063298,4.303797468354431
397,2.777777777777779,3.282828282828282,4.292929292929292
398,2.7707808564231744,3.27455919395466,4.282115869017631
399,2.7638190954773862,3.2663316582914574,4.2713567839195985
400,2.756892230576441,3.258145363408521,4.385964912280701
401,2.750000000000001,3.2499999999999987,4.25
402,2.743142144638405,3.241895261845386,4.239401496259351
403,0.0,0.0,0.0
404,0.0,0.0,0.0
405,0.0,0.0,0.0
406,0.0,0.0,0.0
407,0.0,0.0,0.0
408,0.0,0.0,0.0
409,0.0,0.0,0.0
410,0.0,0.0,0.0
411,0.0,0.0,0.0
412,0.0,0.0,0.0
413,0.0,0.0,0.0
414,0.0,0.0,0.0
415,0.0,0.0,0.0
416,0.0,0.0,0.0
417,0.0,0.0,0.0
418,0.0,0.0,0.0
419,0.0,0.0,0.0
420,0.0,0.0,0.0
421,0.0,0.0,0.0
422,0.0,0.0,0.0
423,0.0,0.0,0.0
424,0.0,0.0,0.0
425,0.0,0.0,0.0
426,0.0,0.0,0.0
427,0.0,0.0,0.0
428,0.0,0.0,0.0
429,0.0,0.0,0.0
430,0.0,0.0,0.0
431,0.0,0.0,0.0
432,0.0,0.0,0.0
433,0.0,0.0,0.0
434,0.0,0.0,0.0
435,0.0,0.0,0.0
436,0.0,0.0,0.0
437,0.0,0.0,0.0
438,0.0,0.0,0.0
439,0.0,0.0,0.0
440,0.0,0.0,0.0
441,0.0,0.0,0.0
442,0.0,0.0,0.0
443,0.0,0.0,0.0
444,0.0,0.0,0.0
445,0.0,0.0,0.0
446,0.0,0.0,0.0
447,0.0,0.0,0.0
448,0.0,0.0,0.0
449,0.0,0.0,0.0
450,0.0,0.0,0.0
451,0.0,0.0,0.0
452,0.0,0.0,0.0
453,0.0,0.0,0.0
454,0.0,0.0,0.0
455,0.0,0.0,0.0
456,0.0,0.0,0.0
457,0.0,0.0,0.0
458,0.0,0.0,0.0
459,0.0,0.0,0.0
460,0.0,0.0,0.0
461,0.0,0.0,0.0
462,0.0,0.0,0.0
463,0.0,0.0,0.0
464,0.0,0.0,0.0
465,0.0,0.0,0.0
466,0.0,0.0,0.0
467,0.0,0.0,0.0
468,0.0,0.0,0.0
469,0.0,0.0,0.0
470,0.0,0.0,0.0
471,0.0,0.0,0.0
472,0.0,0.0,0.0
473,0.0,0.0,0.0
474,0.0,0.0,0.0
475,0.0,0.0,0.0
476,0.0,0.0,0.0
477,0.0,0.0,0.0
478,0.0,0.0,0.0
479,0.0,0.0,0.0
480,0.0,0.0,0.0
481,0.0,0.0,0.0
482,0.0,0.0,0.0
483,0.0,0.0,0.0
484,0.0,0.0,0.0
485,0.0,0.0,0.0
486,0.0,0.0,0.0
487,0.0,0.0,0.0
488,0.0,0.0,0.0
489,0.0,0.0,0.0
490,0.0,0.0,0.0
491,0.0,0.0,0.0
492,0.0,0.0,0.0
493,0.0,0.0,0.0
494,0.0,0.0,0.0
495,0.0,0.0,0.0
496,0.0,0.0,0.0
497,0.0,0.0,0.0
498,0.0,0.0,0.0
499,0.0,0.0,0.0
500,0.0,0.0,0.0
501,0.0,0.0,0.0
502,0.0,0.0,0.0
503,0.0,0.0,0.0
504,0.0,0.0,0.0
505,0.0,0.0,0.0
506,0.0,0.0,0.0
507,0.0,0.0,0.0
508,0.0,0.0,0.0
509,0.0,0.0,0.0
510,0.0,0.0,0.0
511,0.0,0.0,0.0
512,0.0,0.0,0.0
513,0.0,0.0,0.0
514,0.0,0.0,0.0
515,0.0,0.0,0.0
516,0.0,0.0,0.0
517,0.0,0.0,0.0
518,0.0,0.0,0.0
519,0.0,0.0,0.0
520,0.0,0.0,0.0
521,0.0,0.0,0.0
522,0.0,0.0,0.0
523,0.0,0.0,0.0
524,0.0,0.0,0.0
525,0.0,0.0,0.0
526,0.0,0.0,0.0
527,0.0,0.0,0.0
528,0.0,0.0,0.0
529,0.0,0.0,0.0
530,0.0,0.0,0.0
531,0.0,0.0,0.0
532,0.0,0.0,0.0
533,0.0,0.0,0.0
534,0.0,0.0,0.0
535,0.0,0.0,0.0
536,0.0,0.0,0.0
537,0.0,0.0,0.0
538,0.0,0.0,0.0
539,0.0,0.0,0.0
540,0.0,0.0,0.0
541,0.0,0.0,0.0
542,0.0,0.0,0.0
543,0.0,0.0,0.0
544,0.0,0.0,0.0
545,0.0,0.0,0.0
546,0.0,0.0,0.0
547,0.0,0.0,0.0
548,0.0,0.0,0.0
549,0.0,0.0,0.0
550,0.0,0.0,0.0
551,0.0,0.0,0.0
552,0.0,0.0,0.0
553,0.0,0.0,0.0
554,0.0,0.0,0.0
555,0.0,0.0,0.0
556,0.0,0.0,0.0
557,0.0,0.0,0.0
558,0.0,0.0,0.0
559,0.0,0.0,0.0
560,0.0,0.0,0.0
561,0.0,0.0,0.0
562,0.0,0.0,0.0
563,0.0,0.0,0.0
564,0.0,0.0,0.0
565,0.0,0.0,0.0
566,0.0,0.0,0.0
567,0.0,0.0,0.0
568,0.0,0.0,0.0
569,0.0,0.0,0.0
570,0.0,0.0,0.0
571,0.0,0.0,0.0
572,0.0,0.0,0.0
573,0.0,0.0,0.0
574,0.0,0.0,0.0
575,0.0,0.0,0.0
576,0.0,0.0,0.0
577,0.0,0.0,0.0
578,0.0,0.0,0.0
579,0.0,0.0,0.0
580,0.0,0.0,0.0
581,0.0,0.0,0.0
582,0.0,0.0,0.0
583,0.0,0.0,0.0
584,0.0,0.0,0.0
585,0.0,0.0,0.0
586,0.0,0.0,0.0
587,0.0,0.0,0.0
588,0.0,0.0,0.0
589,0.0,0.0,0.0
590,0.0,0.0,0.0
591,0.0,0.0,0.0
592,0.0,0.0,0.0
593,0.0,0.0,0.0
594,0.0,0.0,0.0
595,0.0,0.0,0.0
596,0.0,0.0,0.0
597,0.0,0.0,0.0
598,0.0,0.0,0.0
599,0.0,0.0,0.0
600,0.0,0.0,0.0
601,0.0,0.0,0.0
602,0.0,0.0,0.0
603,0.0,0.0,0.0
604,0.0,0.0,0.0
605,0.0,0.0,0.0
606,0.0,0.0,0.0
607,0.0,0.0,0.0
608,0.0,0.0,0.0
609,0.0,0.0,0.0
610,0.0,0.0,0.0
611,0.0,0.0,0.0
612,0.0,0.0,0.0
613,0.0,0.0,0.0
614,0.0,0.0,0.0
615,0.0,0.0,0.0
616,0.0,0.0,0.0
617,0.0,0.0,0.0
618,0.0,0.0,0.0
619,0.0,0.0,0.0
620,0.0,0.0,0.0
621,0.0,0.0,0.0
622,0.0,0.0,0.0
623,0.0,0.0,0.0
624,0.0,0.0,0.0
625,0.0,0.0,0.0
626,0.0,0.0,0.0
627,0.0,0.0,0.0
628,0.0,0.0,0.0
629,0.0,0.0,0.0
630,0.0,0.0,0.0
631,0.0,0.0,0.0
632,0.0,0.0,0.0
633,0.0,0.0,0.0
634,0.0,0.0,0.0
635,0.0,0.0,0.0
636,0.0,0.0,0.0
637,0.0,0.0,0.0
638,0.0,0.0,0.0
639,0.0,0.0,0.0
640,0.0,0.0,0.0
641,0.0,0.0,0.0
642,0.0,0.0,0.0
643,0.0,0.0,0.0
644,0.0,0.0,0.0
645,0.0,0.0,0.0
646,0.0,0.0,0.0
647,0.0,0.0,0.0
648,0.0,0.0,0.0
649,0.0,0.0,0.0
650,0.0,0.0,0.0
651,0.0,0.0,0.0
652,0.0,0.0,0.0
653,0.0,0.0,0.0
654,0.0,0.0,0.0
655,0.0,0.0,0.0
656,0.0,0.0,0.0
657,0.0,0.0,0.0
658,0.0,0.0,0.0
659,0.0,0.0,0.0
660,0.0,0.0,0.0
661,0.0,0.0,0.0
662,0.0,0.0,0.0
663,0.0,0.0,0.0
664,0.0,0.0,0.0
665,0.0,0.0,0.0
666,0.0,0.0,0.0
667,0.0,0.0,0.0
668,0.0,0.0,0.0
669,0.0,0.0,0.0
670,0.0,0.0,0.0
671,0.0,0.0,0.0
672,0.0,0.0,0.0
673,0.0,0.0,0.0
674,0.0,0.0,0.0
675,0.0,0.0,0.0
676,0.0,0.0,0.0
677,0.0,0.0,0.0
678,0.0,0.0,0.0
679,0.0,0.0,0.0
680,0.0,0.0,0.0
681,0.0,0.0,0.0
682,0.0,0.0,0.0
683,0.0,0.0,0.0
684,0.0,0.0,0.0
685,0.0,0.0,0.0
686,0.0,0.0,0.0
687,0.0,0.0,0.0
688,0.0,0.0,0.0
689,0.0,0.0,0.0
690,0.0,0.0,0.0
691,0.0,0.0,0.0
692,0.0,0.0,0.0
693,0.0,0.0,0.0
694,0.0,0.0,0.0
695,0.0,0.0,0.0
696,0.0,0.0,0.0
697,0.0,0.0,0.0
698,0.0,0.0,0.0
699,0.0,0.0,0.0
700,0.0,0.0,0.0
701,0.0,0.0,0.0
702,0.0,0.0,0.0
703,0.0,0.0,0.0
704,0.0,0.0,0.0
705,0.0,0.0,0.0
706,0.0,0.0,0.0
707,0.0,0.0,0.0
708,0.0,0.0,0.0
709,0.0,0.0,0.0
710,0.0,0.0,0.0
711,0.0,0.0,0.0
712,0.0,0.0,0.0
713,0.0,0.0,0.0
714,0.0,0.0,0.0
715,0.0,0.0,0.0
716,0.0,0.0,0.0
717,0.0,0.0,0.0
718,0.0,0.0,0.0
719,0.0,0.0,0.0
720,0.0,0.0,0.0
721,0.0,0.0,0.0
722,0.0,0.0,0.0
723,0.0,0.0,0.0
724,0.0,0.0,0.0
725,0.0,0.0,0.0
726,0.0,0.0,0.0
727,0.0,0.0,0.0
728,0.0,0.0,0.0
729,0.0,0.0,0.0
730,0.0,0.0,0.0
731,0.0,0.0,0.0
732,0.0,0.0,0.0
733,0.0,0.0,0.0
734,0.0,0.0,0.0
735,0.0,0.0,0.0
736,0.0,0.0,0.0
737,0.0,0.0,0.0
738,0.0,0.0,0.0
739,0.0,0.0,0.0
740,0.0,0.0,0.0
741,0.0,0.0,0.0
742,0.0,0.0,0.0
743,0.0,0.0,0.0
744,0.0,0.0,0.0
745,0.0,0.0,0.0
746,0.0,0.0,0.0
747,0.0,0.0,0.0
748,0.0,0.0,0.0
749,0.0,0.0,0.0
750,0.0,0.0,0.0
751,0.0,0.0,0.0
752,0.0,0.0,0.0
753,0.0,0.0,0.0
754,0.0,0.0,0.0
755,0.0,0.0,0.0
756,0.0,0.0,0.0
757,0.0,0.0,0.0
758,0.0,0.0,0.0
759,0.0,0.0,0.0
760,0.0,0.0,0.0
761,0.0,0.0,0.0
762,0.0,0.0,0.0
763,0.0,0.0,0.0
764,0.0,0.0,0.0
765,0.0,0.0,0.0
766,0.0,0.0,0.0
767,0.0,0.0,0.0
768,0.0,0.0,0.0
769,0.0,0.0,0.0
770,0.0,0.0,0.0
771,0.0,0.0,0.0
772,0.0,0.0,0.0
773,0.0,0.0,0.0
774,0.0,0.0,0.0
775,0.0,0.0,0.0
776,0.0,0.0,0.0
777,0.0,0.0,0.0
778,0.0,0.0,0.0
779,0.0,0.0,0.0
780,0.0,0.0,0.0
781,0.0,0.0,0.0
782,0.0,0.0,0.0
783,0.0,0.0,0.0
784,0.0,0.0,0.0
785,0.0,0.0,0.0
786,0.0,0.0,0.0
787,0.0,0.0,0.0
788,0.0,0.0,0.0
789,0.0,0.0,0.0
790,0.0,0.0,0.0
791,0.0,0.0,0.0
792,0.0,0.0,0.0
793,0.0,0.0,0.0
794,0.0,0.0,0.0
795,0.0,0.0,0.0
796,0.0,0.0,0.0
797,0.0,0.0,0.0
798,0.0,0.0,0.0
799,0.0,0.0,0.0
800,0.0,0.0,0.0
801,0.0,0.0,0.0
802,0.0,0.0,0.0
803,0.0,0.0,0.0
804,0.0,0.0,0.0
805,0.0,0.0,0.0
806,0.0,0.0,0.0
807,0.0,0.0,0.0
808,0.0,0.0,0.0
809,0.0,0.0,0.0
810,0.0,0.0,0.0
811,0.0,0.0,0.0
812,0.0,0.0,0.0
813,0.0,0.0,0.0
814,0.0,0.0,0.0
815,0.0,0.0,0.0
816,0.0,0.0,0.0
817,0.0,0.0,0.0
818,0.0,0.0,0.0
819,0.0,0.0,0.0
820,0.0,0.0,0.0
821,0.0,0.0,0.0
822,0.0,0.0,0.0
823,0.0,0.0,0.0
824,0.0,0.0,0.0
825,0.0,0.0,0.0
826,0.0,0.0,0.0
827,0.0,0.0,0.0
828,0.0,0.0,0.0
829,0.0,0.0,0.0
830,0.0,0.0,0.0
831,0.0,0.0,0.0
832,0.0,0.0,0.0
833,0.0,0.0,0.0
834,0.0,0.0,0.0
835,0.0,0.0,0.0
836,0.0,0.0,0.0
837,0.0,0.0,0.0
838,0.0,0.0,0.0
839,0.0,0.0,0.0
840,0.0,0.0,0.0
841,0.0,0.0,0.0
842,0.0,0.0,0.0
843,0.0,0.0,0.0
844,0.0,0.0,0.0
845,0.0,0.0,0.0
846,0.0,0.0,0.0
847,0.0,0.0,0.0
848,0.0,0.0,0.0
849,0.0,0.0,0.0
850,0.0,0.0,0.0
851,0.0,0.0,0.0
852,0.0,0.0,0.0
853,0.0,0.0,0.0
854,0.0,0.0,0.0
855,0.0,0.0,0.0
856,0.0,0.0,0.0
857,0.0,0.0,0.0
858,0.0,0.0,0.0
859,0.0,0.0,0.0
860,0.0,0.0,0.0
861,0.0,0.0,0.0
862,0.0,0.0,0.0
863,0.0,0.0,0.0
864,0.0,0.0,0.0
865,0.0,0.0,0.0
866,0.0,0.0,0.0
867,0.0,0.0,0.0
868,0.0,0.0,0.0
869,0.0,0.0,0.0
870,0.0,0.0,0.0
871,0.0,0.0,0.0
872,0.0,0.0,0.0
873,0.0,0.0,0.0
874,0.0,0.0,0.0
875,0.0,0.0,0.0
876,0.0,0.0,0.0
877,0.0,0.0,0.0
878,0.0,0.0,0.0
879,0.0,0.0,0.0
880,0.0,0.0,0.0
881,0.0,0.0,0.0
882,0.0,0.0,0.0
883,0.0,0.0,0.0
884,0.0,0.0,0.0
885,0.0,0.0,0.0
886,0.0,0.0,0.0
887,0.0,0.0,0.0
888,0.0,0.0,0.0
889,0.0,0.0,0.0
890,0.0,0.0,0.0
891,0.0,0.0,0.0
892,0.0,0.0,0.0
893,0.0,0.0,0.0
894,0.0,0.0,0.0
895,0.0,0.0,0.0
896,0.0,0.0,0.0
897,0.0,0.0,0.0
898,0.0,0.0,0.0
899,0.0,0.0,0.0
900,0.0,0.0,0.0
901,0.0,0.0,0.0
902,0.0,0.0,0.0
903,0.0,0.0,0.0
904,0.0,0.0,0.0
905,0.0,0.0,0.0
906,0.0,0.0,0.0
907,0.0,0.0,0.0
908,0.0,0.0,0.0
909,0.0,0.0,0.0
910,0.0,0.0,0.0
911,0.0,0.0,0.0
912,0.0,0.0,0.0
913,0.0,0.0,0.0
914,0.0,0.0,0.0
915,0.0,0.0,0.0
916,0.0,0.0,0.0
917,0.0,0.0,0.0
918,0.0,0.0,0.0
919,0.0,0.0,0.0
920,0.0,0.0,0.0
921,0.0,0.0,0.0
922,0.0,0.0,0.0
923,0.0,0.0,0.0
924,0.0,0.0,0.0
925,0.0,0.0,0.0
926,0.0,0.0,0.0
927,0.0,0.0,0.0
928,0.0,0.0,0.0
929,0.0,0.0,0.0
930,0.0,0.0,0.0
931,0.0,0.0,0.0
932,0.0,0.0,0.0
933,0.0,0.0,0.0
934,0.0,0.0,0.0
935,0.0,0.0,0.0
936,0.0,0.0,0.0
937,0.0,0.0,0.0
938,0.0,0.0,0.0
939,0.0,0.0,0.0
940,0.0,0.0,0.0
941,0.0,0.0,0.0
942,0.0,0.0,0.0
943,0.0,0.0,0.0
944,0.0,0.0,0.0
945,0.0,0.0,0.0
946,0.0,0.0,0.0
947,0.0,0.0,0.0
948,0.0,0.0,0.0
949,0.0,0.0,0.0
950,0.0,0.0,0.0
951,0.0,0.0,0.0
952,0.0,0.0,0.0
953,0.0,0.0,0.0
954,0.0,0.0,0.0
955,0.0,0.0,0.0
956,0.0,0.0,0.0
957,0.0,0.0,0.0
958,0.0,0.0,0.0
959,0.0,0.0,0.0
960,0.0,0.0,0.0
961,0.0,0.0,0.0
962,0.0,0.0,0.0
963,0.0,0.0,0.0
964,0.0,0.0,0.0
965,0.0,0.0,0.0
966,0.0,0.0,0.0
967,0.0,0.0,0.0
968,0.0,0.0,0.0
969,0.0,0.0,0.0
970,0.0,0.0,0.0
971,0.0,0.0,0.0
972,0.0,0.0,0.0
973,0.0,0.0,0.0
974,0.0,0.0,0.0
975,0.0,0.0,0.0
976,0.0,0.0,0.0
977,0.0,0.0,0.0
978,0.0,0.0,0.0
979,0.0,0.0,0.0
980,0.0,0.0,0.0
981,0.0,0.0,0.0
982,0.0,0.0,0.0
983,0.0,0.0,0.0
984,0.0,0.0,0.0
985,0.0,0.0,0.0
986,0.0,0.0,0.0
987,0.0,0.0,0.0
988,0.0,0.0,0.0
989,0.0,0.0,0.0
990,0.0,0.0,0.0
991,0.0,0.0,0.0
992,0.0,0.0,0.0
993,0.0,0.0,0.0
994,0.0,0.0,0.0
995,0.0,0.0,0.0
996,0.0,0.0,0.0
997,0.0,0.0,0.0
998,0.0,0.0,0.0
999,0.0,0.0,0.0
1000,0.0,0.0,0.0
